sample,rep,day,treatment,dose,log_dose,fc,growth_rate_unnormalised,growth_rate
V600E,1,0,nil,0.01,-4.60517018598809,0.7988,-0.0748815591468256,0.13049664672594
V600E,2,0,nil,0.01,-4.60517018598809,0.8344,-0.0603474584318581,0.145030747440908
V600E,3,0,nil,0.01,-4.60517018598809,0.8734,-0.0451205459768922,0.160257659895874
V600E,4,0,nil,0.01,-4.60517018598809,0.7601,-0.0914350918033808,0.113943114069385
Week 1,1,7,continuous,0.01,-4.60517018598809,0.6558,-0.14063313819053,0.0647450676822363
Week 1,2,7,continuous,0.01,-4.60517018598809,0.6638,-0.136591459898754,0.0687867459740117
Week 1,3,7,continuous,0.01,-4.60517018598809,0.7324,-0.10380948872726,0.101568717145506
Week 1,4,7,continuous,0.01,-4.60517018598809,0.7433,-0.0988851824169631,0.106493023455803
Week 2 C,1,14,continuous,0.01,-4.60517018598809,0.5369,-0.207314473851204,-0.00193626797843836
Week 2 C,2,14,continuous,0.01,-4.60517018598809,0.5212,-0.217207144577149,-0.011828938704383
Week 2 C,3,14,continuous,0.01,-4.60517018598809,0.5675,-0.188838176542193,0.0165400293305729
Week 2 C,4,14,continuous,0.01,-4.60517018598809,0.618,-0.160422273841482,0.0449559320312839
Week 3 C,1,21,continuous,0.01,-4.60517018598809,0.7057,-0.116188353658451,0.0891898522143152
Week 3 C,2,21,continuous,0.01,-4.60517018598809,0.7325,-0.103763979363638,0.101614226509128
Week 3 C,3,21,continuous,0.01,-4.60517018598809,0.714,-0.112290772214184,0.0930874336585818
Week 3 C,4,21,continuous,0.01,-4.60517018598809,0.7383,-0.101135010972339,0.104243194900427
Week 4 C,1,28,continuous,0.01,-4.60517018598809,0.6691,-0.133940584397789,0.0714376214749774
Week 4 C,2,28,continuous,0.01,-4.60517018598809,0.7358,-0.102265645437154,0.103112560435612
Week 4 C,3,28,continuous,0.01,-4.60517018598809,0.6795,-0.128799348463646,0.0765788574091198
Week 4 C,4,28,continuous,0.01,-4.60517018598809,0.7337,-0.103218351087396,0.10215985478537
Week 2 I,1,14,intermittent,0.01,-4.60517018598809,0.7475,-0.0970069912390985,0.108371214633668
Week 2 I,2,14,intermittent,0.01,-4.60517018598809,0.8212,-0.0656628646124528,0.139715341260313
Week 2 I,3,14,intermittent,0.01,-4.60517018598809,0.9092,-0.031730062334583,0.173648143538183
Week 2 I,4,14,intermittent,0.01,-4.60517018598809,0.884,-0.0410994054481645,0.164278800424601
Week 3 I,1,21,intermittent,0.01,-4.60517018598809,0.6055,-0.16723357199633,0.038144633876436
Week 3 I,2,21,intermittent,0.01,-4.60517018598809,0.6641,-0.136440846145156,0.0689373597276097
Week 3 I,3,21,intermittent,0.01,-4.60517018598809,0.5946,-0.173288789472713,0.0320894164000528
Week 3 I,4,21,intermittent,0.01,-4.60517018598809,0.6065,-0.166683516866011,0.0386946890067553
Week 4 I,1,28,intermittent,0.01,-4.60517018598809,0.7755,-0.0847490987885145,0.120629107084252
Week 4 I,2,28,intermittent,0.01,-4.60517018598809,0.8152,-0.0681072656912073,0.137270940181559
Week 4 I,3,28,intermittent,0.01,-4.60517018598809,0.8359,-0.0597487634256755,0.14562944244709
Week 4 I,4,28,intermittent,0.01,-4.60517018598809,0.923,-0.0267086814930949,0.178669524379671
V600E,1,0,nil,0.1,-2.30258509299405,0.857,-0.0514391201281191,0.153939085744647
V600E,2,0,nil,0.1,-2.30258509299405,0.8923,-0.0379842933586771,0.167393912514089
V600E,3,0,nil,0.1,-2.30258509299405,0.9559,-0.0150339913041401,0.190344214568626
V600E,4,0,nil,0.1,-2.30258509299405,1.0408,0.0133298827387195,0.218708088611485
Week 1,1,7,continuous,0.1,-2.30258509299405,0.7338,-0.103172922353652,0.102205283519114
Week 1,2,7,continuous,0.1,-2.30258509299405,0.7656,-0.0890318129477975,0.116346392924968
Week 1,3,7,continuous,0.1,-2.30258509299405,0.7859,-0.0803085737033359,0.12506963216943
Week 1,4,7,continuous,0.1,-2.30258509299405,0.7095,-0.114398260794013,0.0909799450787528
Week 2 C,1,14,continuous,0.1,-2.30258509299405,0.5818,-0.180542844307012,0.0248353615657541
Week 2 C,2,14,continuous,0.1,-2.30258509299405,0.6304,-0.153800246812823,0.0515779590599434
Week 2 C,3,14,continuous,0.1,-2.30258509299405,0.5912,-0.175200303116048,0.0301779027567177
Week 2 C,4,14,continuous,0.1,-2.30258509299405,0.572,-0.18620542920078,0.0191727766719863
Week 3 C,1,21,continuous,0.1,-2.30258509299405,0.6723,-0.132350203169049,0.0730280027037173
Week 3 C,2,21,continuous,0.1,-2.30258509299405,0.6662,-0.135388451074186,0.0699897547985801
Week 3 C,3,21,continuous,0.1,-2.30258509299405,0.7073,-0.115433458313398,0.0899447475593684
Week 3 C,4,21,continuous,0.1,-2.30258509299405,0.7509,-0.0954942639587663,0.109883941914
Week 4 C,1,28,continuous,0.1,-2.30258509299405,0.7166,-0.111079158037095,0.0942990478356715
Week 4 C,2,28,continuous,0.1,-2.30258509299405,0.7307,-0.104584100061655,0.100794105811111
Week 4 C,3,28,continuous,0.1,-2.30258509299405,0.8055,-0.0720973587883693,0.133280847084397
Week 4 C,4,28,continuous,0.1,-2.30258509299405,0.8419,-0.0573646788795063,0.14801352699326
Week 2 I,1,14,intermittent,0.1,-2.30258509299405,0.8637,-0.0488432642319657,0.1565349416408
Week 2 I,2,14,intermittent,0.1,-2.30258509299405,1.0367,0.0120141971156431,0.217392402988409
Week 2 I,3,14,intermittent,0.1,-2.30258509299405,0.8682,-0.047111058705548,0.158267147167218
Week 2 I,4,14,intermittent,0.1,-2.30258509299405,0.7777,-0.0838048110937465,0.12157339477902
Week 3 I,1,21,intermittent,0.1,-2.30258509299405,0.5578,-0.19458493459625,0.0107932712765165
Week 3 I,2,21,intermittent,0.1,-2.30258509299405,0.6048,-0.167619151372271,0.0377590545004948
Week 3 I,3,21,intermittent,0.1,-2.30258509299405,0.6063,-0.166793455301484,0.038584750571282
Week 3 I,4,21,intermittent,0.1,-2.30258509299405,0.5679,-0.188603310699583,0.0167748951731826
Week 4 I,1,28,intermittent,0.1,-2.30258509299405,0.8948,-0.0370516831220542,0.168326522750712
Week 4 I,2,28,intermittent,0.1,-2.30258509299405,0.9261,-0.0255910196019712,0.179787186270795
Week 4 I,3,28,intermittent,0.1,-2.30258509299405,0.8961,-0.0365677550306544,0.168810450842112
Week 4 I,4,28,intermittent,0.1,-2.30258509299405,1.0232,0.00764499042749866,0.213023196300265
V600E,1,0,nil,0.3,-1.20397280432594,0.839,-0.058514857504977,0.146863348367789
V600E,2,0,nil,0.3,-1.20397280432594,0.8446,-0.0562973788274313,0.149080827045335
V600E,3,0,nil,0.3,-1.20397280432594,0.8151,-0.0681481579605751,0.137230047912191
V600E,4,0,nil,0.3,-1.20397280432594,0.9331,-0.0230809675807202,0.182297238292046
Week 1,1,7,continuous,0.3,-1.20397280432594,0.7245,-0.107424505740467,0.0979537001322994
Week 1,2,7,continuous,0.3,-1.20397280432594,0.7686,-0.0877282002837979,0.117650005588968
Week 1,3,7,continuous,0.3,-1.20397280432594,0.7332,-0.103445587672196,0.10193261820057
Week 1,4,7,continuous,0.3,-1.20397280432594,0.756,-0.093237967600868,0.112140238271898
Week 2 C,1,14,continuous,0.3,-1.20397280432594,0.6402,-0.148658217148791,0.0567199887239746
Week 2 C,2,14,continuous,0.3,-1.20397280432594,0.6421,-0.147670408060711,0.0577077978120546
Week 2 C,3,14,continuous,0.3,-1.20397280432594,0.6325,-0.152691686126821,0.0526865197459454
Week 2 C,4,14,continuous,0.3,-1.20397280432594,0.6453,-0.146013318013448,0.0593648878593184
Week 3 C,1,21,continuous,0.3,-1.20397280432594,0.7431,-0.0989748846062378,0.106403321266528
Week 3 C,2,21,continuous,0.3,-1.20397280432594,0.8146,-0.068352694589275,0.137025511283491
Week 3 C,3,21,continuous,0.3,-1.20397280432594,0.7171,-0.110846659364536,0.09453154650823
Week 3 C,4,21,continuous,0.3,-1.20397280432594,0.7625,-0.0903842568335235,0.114993949039243
Week 4 C,1,28,continuous,0.3,-1.20397280432594,0.7674,-0.088249033723095,0.117129172149671
Week 4 C,2,28,continuous,0.3,-1.20397280432594,0.8564,-0.0516725740888698,0.153705631783896
Week 4 C,3,28,continuous,0.3,-1.20397280432594,0.7214,-0.108853836837566,0.0965243690351999
Week 4 C,4,28,continuous,0.3,-1.20397280432594,0.8051,-0.072262928558734,0.133115277314032
Week 2 I,1,14,intermittent,0.3,-1.20397280432594,0.7455,-0.0979000482591146,0.107478157613651
Week 2 I,2,14,intermittent,0.3,-1.20397280432594,0.9836,-0.00551198954669984,0.199866216326066
Week 2 I,3,14,intermittent,0.3,-1.20397280432594,0.8202,-0.0660690220080594,0.139309183864707
Week 2 I,4,14,intermittent,0.3,-1.20397280432594,0.935,-0.0224029165644833,0.182975289308283
Week 3 I,1,21,intermittent,0.3,-1.20397280432594,0.6712,-0.13289604127638,0.0724821645963858
Week 3 I,2,21,intermittent,0.3,-1.20397280432594,0.7272,-0.106184578706289,0.0991936271664767
Week 3 I,3,21,intermittent,0.3,-1.20397280432594,0.6435,-0.146944417315319,0.0584337885574474
Week 3 I,4,21,intermittent,0.3,-1.20397280432594,0.6646,-0.136189974353881,0.069188231518885
Week 4 I,1,28,intermittent,0.3,-1.20397280432594,0.9313,-0.0237246064848416,0.181653599387924
Week 4 I,2,28,intermittent,0.3,-1.20397280432594,0.7632,-0.0900783862826868,0.115299819590079
Week 4 I,3,28,intermittent,0.3,-1.20397280432594,0.8641,-0.0486889253782612,0.156689280494505
Week 4 I,4,28,intermittent,0.3,-1.20397280432594,0.8785,-0.0431797904516617,0.162198415421104
V600E,1,0,nil,1,0,0.9768,-0.00782445206188071,0.197553753810885
V600E,2,0,nil,1,0,0.966,-0.011530481589873,0.193847724282893
V600E,3,0,nil,1,0,1.0859,0.0274697120802393,0.232847917953005
V600E,4,0,nil,1,0,0.9712,-0.00974095289230109,0.195637252980465
Week 1,1,7,continuous,1,0,0.8161,-0.0677394608356466,0.137638745037119
Week 1,2,7,continuous,1,0,0.7658,-0.0889447466463143,0.116433459226452
Week 1,3,7,continuous,1,0,0.719,-0.109964640420363,0.0954135654524026
Week 1,4,7,continuous,1,0,0.6469,-0.145187851977399,0.0601903538953669
Week 2 C,1,14,continuous,1,0,0.7251,-0.107148567534863,0.0982296383379027
Week 2 C,2,14,continuous,1,0,0.7139,-0.112337460824574,0.0930407450481919
Week 2 C,3,14,continuous,1,0,0.595,-0.173064624478836,0.0323135813939302
Week 2 C,4,14,continuous,1,0,0.681,-0.128064324277542,0.0773138815952245
Week 3 C,1,21,continuous,1,0,0.7143,-0.11215074560707,0.0932274602656959
Week 3 C,2,21,continuous,1,0,0.7457,-0.097810634810796,0.10756757106197
Week 3 C,3,21,continuous,1,0,0.7766,-0.0842766205615234,0.121101585311243
Week 3 C,4,21,continuous,1,0,0.7182,-0.110335732396718,0.0950424734760478
Week 4 C,1,28,continuous,1,0,0.8231,-0.0648925263345129,0.140485679538253
Week 4 C,2,28,continuous,1,0,0.7405,-0.100143215091428,0.105234990781338
Week 4 C,3,28,continuous,1,0,0.7872,-0.0797576444146978,0.125620561458068
Week 4 C,4,28,continuous,1,0,0.8446,-0.0562973788274313,0.149080827045335
Week 2 I,1,14,intermittent,1,0,0.9104,-0.0312904052033569,0.174087800669409
Week 2 I,2,14,intermittent,1,0,0.9231,-0.0266725693286771,0.178705636544089
Week 2 I,3,14,intermittent,1,0,0.8935,-0.0375363147942181,0.167841891078548
Week 2 I,4,14,intermittent,1,0,0.7682,-0.0879017210234442,0.117476484849322
Week 3 I,1,21,intermittent,1,0,0.6976,-0.120036468795789,0.085341737076977
Week 3 I,2,21,intermittent,1,0,0.7271,-0.106230419775375,0.0991477860973907
Week 3 I,3,21,intermittent,1,0,0.6494,-0.143902139771131,0.0614760661016355
Week 3 I,4,21,intermittent,1,0,0.6196,-0.159560390146474,0.0458178157262916
Week 4 I,1,28,intermittent,1,0,0.968,-0.0108410639018534,0.194537141970913
Week 4 I,2,28,intermittent,1,0,0.9889,-0.00372068823539731,0.201657517637369
Week 4 I,3,28,intermittent,1,0,1.0573,0.0185728295854479,0.223951035458214
Week 4 I,4,28,intermittent,1,0,0.9858,-0.00476726157028655,0.200610944302479
V600E,1,0,nil,3,1.09861228866811,0.8367,-0.0594298985601947,0.145948307312571
V600E,2,0,nil,3,1.09861228866811,0.8027,-0.073258077948202,0.132120127924564
V600E,3,0,nil,3,1.09861228866811,0.7939,-0.0769325900836898,0.128445615789076
V600E,4,0,nil,3,1.09861228866811,0.887,-0.0399700988908525,0.165408106981913
Week 1,1,7,continuous,3,1.09861228866811,0.7969,-0.0756753595261448,0.129702846346621
Week 1,2,7,continuous,3,1.09861228866811,0.8524,-0.0532331262525583,0.152145079620208
Week 1,3,7,continuous,3,1.09861228866811,0.8126,-0.0691720984761702,0.136206107396596
Week 1,4,7,continuous,3,1.09861228866811,0.833,-0.0609072122717648,0.144470993601001
Week 2 C,1,14,continuous,3,1.09861228866811,0.7009,-0.118463351825286,0.08691485404748
Week 2 C,2,14,continuous,3,1.09861228866811,0.7086,-0.114821362183588,0.0905568436891775
Week 2 C,3,14,continuous,3,1.09861228866811,0.8264,-0.0635587870589027,0.141819418813863
Week 2 C,4,14,continuous,3,1.09861228866811,0.7265,-0.106505598657266,0.0988726072154996
Week 3 C,1,21,continuous,3,1.09861228866811,0.8104,-0.0700757753492211,0.135302430523545
Week 3 C,2,21,continuous,3,1.09861228866811,0.9656,-0.0116685363996051,0.193709669473161
Week 3 C,3,21,continuous,3,1.09861228866811,0.866,-0.0479567901399006,0.157421415732865
Week 3 C,4,21,continuous,3,1.09861228866811,0.9171,-0.0288462538057462,0.17653195206702
Week 4 C,1,28,continuous,3,1.09861228866811,0.8298,-0.0621901903611232,0.143188015511643
Week 4 C,2,28,continuous,3,1.09861228866811,0.8493,-0.0544475993987245,0.150930606474042
Week 4 C,3,28,continuous,3,1.09861228866811,0.781,-0.082393376380817,0.122984829491949
Week 4 C,4,28,continuous,3,1.09861228866811,0.7543,-0.0939883707075173,0.111389835165249
Week 2 I,1,14,intermittent,3,1.09861228866811,0.7698,-0.0872081793774971,0.118170026495269
Week 2 I,2,14,intermittent,3,1.09861228866811,1.0481,0.0156596670646649,0.221037872937431
Week 2 I,3,14,intermittent,3,1.09861228866811,0.987,-0.00436174651621849,0.201016459356548
Week 2 I,4,14,intermittent,3,1.09861228866811,0.9468,-0.0182224671141027,0.187155738758663
Week 3 I,1,21,intermittent,3,1.09861228866811,0.786,-0.0802661621843102,0.125112043688456
Week 3 I,2,21,intermittent,3,1.09861228866811,0.9148,-0.029683272277837,0.175694933594929
Week 3 I,3,21,intermittent,3,1.09861228866811,0.8708,-0.0461143165405815,0.159263889332184
Week 3 I,4,21,intermittent,3,1.09861228866811,0.7891,-0.0789540744850492,0.126424131387717
Week 4 I,1,28,intermittent,3,1.09861228866811,0.871,-0.0460377673765448,0.159340438496221
Week 4 I,2,28,intermittent,3,1.09861228866811,0.6805,-0.128309152296872,0.0770690535758939
Week 4 I,3,28,intermittent,3,1.09861228866811,0.9212,-0.0273593703452023,0.178018835527564
Week 4 I,4,28,intermittent,3,1.09861228866811,0.835,-0.0601078513770939,0.145270354495672
V600E,1,0,nil,10,2.30258509299405,0.9939,-0.00203956033605906,0.203338645536707
V600E,2,0,nil,10,2.30258509299405,1.0077,0.00255683543473991,0.207935041307506
V600E,3,0,nil,10,2.30258509299405,0.9889,-0.00372068823539731,0.201657517637369
V600E,4,0,nil,10,2.30258509299405,0.9576,-0.0144417082461246,0.190936497626641
Week 1,1,7,continuous,10,2.30258509299405,0.8563,-0.0517114989833302,0.153666706889436
Week 1,2,7,continuous,10,2.30258509299405,0.8445,-0.0563368475780941,0.149041358294672
Week 1,3,7,continuous,10,2.30258509299405,0.7067,-0.115716343761776,0.0896618621109899
Week 1,4,7,continuous,10,2.30258509299405,0.6798,-0.128652213906707,0.0767259919660589
Week 2 C,1,14,continuous,10,2.30258509299405,0.8059,-0.0719318712172238,0.133446334655542
Week 2 C,2,14,continuous,10,2.30258509299405,0.8216,-0.0655005401225962,0.13987766575017
Week 2 C,3,14,continuous,10,2.30258509299405,0.6773,-0.12988032425376,0.0754978816190063
Week 2 C,4,14,continuous,10,2.30258509299405,0.7785,-0.0834620959026947,0.121916109970071
Week 3 C,1,21,continuous,10,2.30258509299405,0.8988,-0.035564912890321,0.169813292982445
Week 3 C,2,21,continuous,10,2.30258509299405,0.7887,-0.0791230861927306,0.126255119680035
Week 3 C,3,21,continuous,10,2.30258509299405,0.869,-0.046804051238915,0.158574154633851
Week 3 C,4,21,continuous,10,2.30258509299405,0.6906,-0.123398164675415,0.081980041197351
Week 4 C,1,28,continuous,10,2.30258509299405,0.7554,-0.0935026229012602,0.111875582971506
Week 4 C,2,28,continuous,10,2.30258509299405,0.6983,-0.119702156376716,0.0856760494960502
Week 4 C,3,28,continuous,10,2.30258509299405,0.8874,-0.039819813345776,0.16555839252699
Week 4 C,4,28,continuous,10,2.30258509299405,0.868,-0.047187854773929,0.158190351098837
Week 2 I,1,14,intermittent,10,2.30258509299405,0.8994,-0.0353424682151767,0.170035737657589
Week 2 I,2,14,intermittent,10,2.30258509299405,0.9174,-0.0287372322730218,0.176640973599744
Week 2 I,3,14,intermittent,10,2.30258509299405,1.0433,0.0141295888305955,0.219507794703362
Week 2 I,4,14,intermittent,10,2.30258509299405,0.7331,-0.103491053584199,0.101887152288567
Week 3 I,1,21,intermittent,10,2.30258509299405,0.796,-0.076052031045918,0.129326174826848
Week 3 I,2,21,intermittent,10,2.30258509299405,0.8281,-0.0628737863141609,0.142504419558605
Week 3 I,3,21,intermittent,10,2.30258509299405,0.889,-0.0392193478227442,0.166158858050022
Week 3 I,4,21,intermittent,10,2.30258509299405,0.6842,-0.126501668812878,0.0788765370598884
Week 4 I,1,28,intermittent,10,2.30258509299405,0.9252,-0.0259151162082843,0.179463089664482
Week 4 I,2,28,intermittent,10,2.30258509299405,0.8899,-0.0388820607064402,0.166496145166326
Week 4 I,3,28,intermittent,10,2.30258509299405,1.0583,0.0188879490391806,0.224266154911947
Week 4 I,4,28,intermittent,10,2.30258509299405,0.9462,-0.0184337719283631,0.186944433944403
V600E,1,0,nil,30,3.40119738166216,0.785,-0.0806905203999095,0.124687685472856
V600E,2,0,nil,30,3.40119738166216,0.8111,-0.0697879759686127,0.135590229904153
V600E,3,0,nil,30,3.40119738166216,0.7256,-0.106918793393737,0.0984594124790293
V600E,4,0,nil,30,3.40119738166216,0.8153,-0.0680663784377573,0.137311827435009
Week 1,1,7,continuous,30,3.40119738166216,1.0314,0.0103057008782405,0.215683906751007
Week 1,2,7,continuous,30,3.40119738166216,1.0318,0.0104349499428042,0.21581315581557
Week 1,3,7,continuous,30,3.40119738166216,0.9442,-0.0191390902899835,0.186239115582782
Week 1,4,7,continuous,30,3.40119738166216,0.9927,-0.00244225846215362,0.202935947410612
Week 2 C,1,14,continuous,30,3.40119738166216,0.8123,-0.0692951829750763,0.13608302289769
Week 2 C,2,14,continuous,30,3.40119738166216,0.8202,-0.0660690220080594,0.139309183864707
Week 2 C,3,14,continuous,30,3.40119738166216,0.846,-0.0557453064586379,0.149632899414128
Week 2 C,4,14,continuous,30,3.40119738166216,0.8533,-0.052881364479866,0.1524968413929
Week 3 C,1,21,continuous,30,3.40119738166216,0.8754,-0.044358118075114,0.161020087797652
Week 3 C,2,21,continuous,30,3.40119738166216,1.0872,0.027868527951599,0.233246733824365
Week 3 C,3,21,continuous,30,3.40119738166216,0.9676,-0.0109788334154216,0.194399372457344
Week 3 C,4,21,continuous,30,3.40119738166216,0.9828,-0.005783212778371,0.199594993094395
Week 4 C,1,28,continuous,30,3.40119738166216,0.9254,-0.0258430675030793,0.179535138369687
Week 4 C,2,28,continuous,30,3.40119738166216,0.8041,-0.0726772131426779,0.132700992730088
Week 4 C,3,28,continuous,30,3.40119738166216,0.8721,-0.045617060916399,0.159761144956367
Week 4 C,4,28,continuous,30,3.40119738166216,0.89,-0.0388446054186505,0.166533600454116
Week 2 I,1,14,intermittent,30,3.40119738166216,0.9065,-0.0327214162624104,0.172656789610356
Week 2 I,2,14,intermittent,30,3.40119738166216,1.0813,0.0260546736564514,0.231432879529217
Week 2 I,3,14,intermittent,30,3.40119738166216,0.9861,-0.00466583654795122,0.200712369324815
Week 2 I,4,14,intermittent,30,3.40119738166216,1.0261,0.00858840262867547,0.213966608501442
Week 3 I,1,21,intermittent,30,3.40119738166216,0.9094,-0.0316567458637423,0.173721460009024
Week 3 I,2,21,intermittent,30,3.40119738166216,1.0879,0.0280830774816333,0.233461283354399
Week 3 I,3,21,intermittent,30,3.40119738166216,1.0262,0.00862088650857579,0.213999092381342
Week 3 I,4,21,intermittent,30,3.40119738166216,0.9765,-0.0079268428884678,0.197451362984298
Week 4 I,1,28,intermittent,30,3.40119738166216,0.9728,-0.0091922559234115,0.196185949949355
Week 4 I,2,28,intermittent,30,3.40119738166216,0.9646,-0.0120139237824218,0.193364282090344
Week 4 I,3,28,intermittent,30,3.40119738166216,0.9144,-0.0298290555005121,0.175549150372254
Week 4 I,4,28,intermittent,30,3.40119738166216,0.9262,-0.0255550283118285,0.179823177560938
V600E,1,0,nil,100,4.60517018598809,0.5573,-0.194883861468882,0.0104943444038839
V600E,2,0,nil,100,4.60517018598809,0.594,-0.173625319873164,0.031752885999602
V600E,3,0,nil,100,4.60517018598809,0.5911,-0.175256690383938,0.0301215154888283
V600E,4,0,nil,100,4.60517018598809,0.5579,-0.194525181376885,0.0108530244958812
Week 1,1,7,continuous,100,4.60517018598809,1.0489,0.015913998661807,0.221292204534573
Week 1,2,7,continuous,100,4.60517018598809,1.0025,0.000832293399529049,0.206210499272295
Week 1,3,7,continuous,100,4.60517018598809,0.9019,-0.0344172099368248,0.170960995935941
Week 1,4,7,continuous,100,4.60517018598809,0.848,-0.0549582143967447,0.150419991476021
Week 2 C,1,14,continuous,100,4.60517018598809,1.084,0.0268859676724848,0.232264173545251
Week 2 C,2,14,continuous,100,4.60517018598809,1.1262,0.0396163779461271,0.244994583818893
Week 2 C,3,14,continuous,100,4.60517018598809,0.9255,-0.0258070489895283,0.179571156883238
Week 2 C,4,14,continuous,100,4.60517018598809,0.8643,-0.0486117827411815,0.156766423131584
Week 3 C,1,21,continuous,100,4.60517018598809,1.0383,0.0125282534424237,0.21790645931519
Week 3 C,2,21,continuous,100,4.60517018598809,1.0094,0.00311869830800834,0.208496904180774
Week 3 C,3,21,continuous,100,4.60517018598809,1.0912,0.0290926693690202,0.234470875241786
Week 3 C,4,21,continuous,100,4.60517018598809,0.7571,-0.0927533112909587,0.112624894581807
Week 4 C,1,28,continuous,100,4.60517018598809,1.0361,0.0118212214251897,0.217199427297956
Week 4 C,2,28,continuous,100,4.60517018598809,0.9424,-0.0197751553616049,0.185603050511161
Week 4 C,3,28,continuous,100,4.60517018598809,1.0305,0.0100147071161255,0.215392912988892
Week 4 C,4,28,continuous,100,4.60517018598809,0.991,-0.00301358155071636,0.20236462432205
Week 2 I,1,14,intermittent,100,4.60517018598809,0.7893,-0.0788696007559268,0.126508605116839
Week 2 I,2,14,intermittent,100,4.60517018598809,0.8239,-0.0645687052201976,0.140809500652568
Week 2 I,3,14,intermittent,100,4.60517018598809,0.8713,-0.045922976581632,0.159455229291134
Week 2 I,4,14,intermittent,100,4.60517018598809,0.779,-0.0832480777037963,0.12213012816897
Week 3 I,1,21,intermittent,100,4.60517018598809,1.0645,0.0208350684504657,0.226213274323232
Week 3 I,2,21,intermittent,100,4.60517018598809,0.9726,-0.0092607936708172,0.196117412201949
Week 3 I,3,21,intermittent,100,4.60517018598809,1.1481,0.0460361340392097,0.251414339911976
Week 3 I,4,21,intermittent,100,4.60517018598809,0.7826,-0.081711189735275,0.123667016137491
Week 4 I,1,28,intermittent,100,4.60517018598809,0.8998,-0.0351942541916884,0.170183951681078
Week 4 I,2,28,intermittent,100,4.60517018598809,0.8754,-0.044358118075114,0.161020087797652
Week 4 I,3,28,intermittent,100,4.60517018598809,1.0256,0.00842593572808954,0.213804141600856
Week 4 I,4,28,intermittent,100,4.60517018598809,0.8657,-0.048072283586803,0.157305922285963
V600E,1,0,nil,300,5.7037824746562,0.2944,-0.407605297375805,-0.202227091503039
V600E,2,0,nil,300,5.7037824746562,0.2971,-0.404562165504525,-0.199183959631759
V600E,3,0,nil,300,5.7037824746562,0.2887,-0.414122397437749,-0.208744191564983
V600E,4,0,nil,300,5.7037824746562,0.2973,-0.404337849659362,-0.198959643786596
Week 1,1,7,continuous,300,5.7037824746562,0.8866,-0.0401204522237279,0.165257753649038
Week 1,2,7,continuous,300,5.7037824746562,0.84,-0.0581177957149259,0.14726041015784
Week 1,3,7,continuous,300,5.7037824746562,0.8259,-0.0637605260551553,0.141617679817611
Week 1,4,7,continuous,300,5.7037824746562,0.8138,-0.0686802144715158,0.13669799140125
Week 2 C,1,14,continuous,300,5.7037824746562,0.8947,-0.0370889374761956,0.16828926839657
Week 2 C,2,14,continuous,300,5.7037824746562,0.8853,-0.0406095694550446,0.164768636417721
Week 2 C,3,14,continuous,300,5.7037824746562,0.991,-0.00301358155071636,0.20236462432205
Week 2 C,4,14,continuous,300,5.7037824746562,0.9961,-0.00130254161033903,0.204075664262427
Week 3 C,1,21,continuous,300,5.7037824746562,0.9209,-0.0274679420849386,0.177910263787827
Week 3 C,2,21,continuous,300,5.7037824746562,1.1063,0.0336737046862427,0.239051910559009
Week 3 C,3,21,continuous,300,5.7037824746562,0.9347,-0.0225098855978664,0.1828683202749
Week 3 C,4,21,continuous,300,5.7037824746562,1.0381,0.0124640397390209,0.217842245611787
Week 4 C,1,28,continuous,300,5.7037824746562,0.8684,-0.0470342803260001,0.158343925546766
Week 4 C,2,28,continuous,300,5.7037824746562,0.8256,-0.0638816280849463,0.14149657778782
Week 4 C,3,28,continuous,300,5.7037824746562,0.8369,-0.0593502299811029,0.146027975891663
Week 4 C,4,28,continuous,300,5.7037824746562,0.84,-0.0581177957149259,0.14726041015784
Week 2 I,1,14,intermittent,300,5.7037824746562,0.4837,-0.242096799717733,-0.0367185938449671
Week 2 I,2,14,intermittent,300,5.7037824746562,0.5058,-0.227204648248757,-0.0218264423759914
Week 2 I,3,14,intermittent,300,5.7037824746562,0.5115,-0.223469231196819,-0.0180910253240526
Week 2 I,4,14,intermittent,300,5.7037824746562,0.539,-0.20601323602438,-0.000635030151613911
Week 3 I,1,21,intermittent,300,5.7037824746562,0.8494,-0.0544083537009887,0.150969852171777
Week 3 I,2,21,intermittent,300,5.7037824746562,1.0067,0.00222588491774683,0.207604090790513
Week 3 I,3,21,intermittent,300,5.7037824746562,0.9364,-0.0219041811217938,0.183474024750972
Week 3 I,4,21,intermittent,300,5.7037824746562,0.9554,-0.0152083926754252,0.190169813197341
Week 4 I,1,28,intermittent,300,5.7037824746562,0.5067,-0.226612055500091,-0.021233849627325
Week 4 I,2,28,intermittent,300,5.7037824746562,0.5313,-0.210809481841746,-0.00543127596898048
Week 4 I,3,28,intermittent,300,5.7037824746562,0.5133,-0.222298269805293,-0.0169200639325272
Week 4 I,4,28,intermittent,300,5.7037824746562,0.4821,-0.243201239190187,-0.0378230333174208
V600E,1,0,nil,1000,6.90775527898214,0.1697,-0.591241035580652,-0.385862829707886
V600E,2,0,nil,1000,6.90775527898214,0.1544,-0.622736213797154,-0.417358007924388
V600E,3,0,nil,1000,6.90775527898214,0.1669,-0.596786816104783,-0.391408610232017
V600E,4,0,nil,1000,6.90775527898214,0.1583,-0.614421104031724,-0.409042898158958
Week 1,1,7,continuous,1000,6.90775527898214,0.4388,-0.274570516860354,-0.0691923109875879
Week 1,2,7,continuous,1000,6.90775527898214,0.42,-0.289166855901574,-0.0837886500288083
Week 1,3,7,continuous,1000,6.90775527898214,0.3908,-0.313186452937836,-0.10780824706507
Week 1,4,7,continuous,1000,6.90775527898214,0.3794,-0.323054740493741,-0.117676534620975
Week 2 C,1,14,continuous,1000,6.90775527898214,0.4808,-0.244101298587046,-0.0387230927142804
Week 2 C,2,14,continuous,1000,6.90775527898214,0.5483,-0.200310898857378,0.00506730701538795
Week 2 C,3,14,continuous,1000,6.90775527898214,0.463,-0.256676074965301,-0.0512978690925349
Week 2 C,4,14,continuous,1000,6.90775527898214,0.3764,-0.325700957090304,-0.120322751217538
Week 3 C,1,21,continuous,1000,6.90775527898214,0.4949,-0.234466519008099,-0.0290883131353329
Week 3 C,2,21,continuous,1000,6.90775527898214,0.5233,-0.215866788534658,-0.0104885826618923
Week 3 C,3,21,continuous,1000,6.90775527898214,0.4863,-0.240309853857466,-0.0349316479846996
Week 3 C,4,21,continuous,1000,6.90775527898214,0.3912,-0.312845446940492,-0.107467241067726
Week 4 C,1,28,continuous,1000,6.90775527898214,0.4784,-0.245769358781905,-0.040391152909139
Week 4 C,2,28,continuous,1000,6.90775527898214,0.4585,-0.259931662428539,-0.0545534565557731
Week 4 C,3,28,continuous,1000,6.90775527898214,0.4944,-0.234803457612885,-0.0294252517401193
Week 4 C,4,28,continuous,1000,6.90775527898214,0.4878,-0.239283264400106,-0.0339050585273397
Week 2 I,1,14,intermittent,1000,6.90775527898214,0.151,-0.630158480722404,-0.424780274849638
Week 2 I,2,14,intermittent,1000,6.90775527898214,0.145,-0.643673845520521,-0.438295639647755
Week 2 I,3,14,intermittent,1000,6.90775527898214,0.1719,-0.586947455531111,-0.381569249658345
Week 2 I,4,14,intermittent,1000,6.90775527898214,0.1242,-0.695287369827586,-0.48990916395482
Week 3 I,1,21,intermittent,1000,6.90775527898214,0.5056,-0.227336478716496,-0.0219582728437304
Week 3 I,2,21,intermittent,1000,6.90775527898214,0.515,-0.221196126106134,-0.0158179202333676
Week 3 I,3,21,intermittent,1000,6.90775527898214,0.5198,-0.218103718924916,-0.0127255130521497
Week 3 I,4,21,intermittent,1000,6.90775527898214,0.4333,-0.278774983412091,-0.0733967775393251
Week 4 I,1,28,intermittent,1000,6.90775527898214,0.1965,-0.542364282557607,-0.336986076684841
Week 4 I,2,28,intermittent,1000,6.90775527898214,0.1935,-0.547492588837433,-0.342114382964667
Week 4 I,3,28,intermittent,1000,6.90775527898214,0.2153,-0.511907624870607,-0.306529418997841
Week 4 I,4,28,intermittent,1000,6.90775527898214,0.193,-0.54835503002575,-0.342976824152984
V600E,1,0,nil,3000,8.00636756765025,0.0479,-1.01287992485509,-0.807501718982323
V600E,2,0,nil,3000,8.00636756765025,0.0526,-0.981679719746158,-0.776301513873392
V600E,3,0,nil,3000,8.00636756765025,0.0544,-0.970463708373413,-0.765085502500647
V600E,4,0,nil,3000,8.00636756765025,0.0494,-1.00260161826275,-0.797223412389988
Week 1,1,7,continuous,3000,8.00636756765025,0.2961,-0.405686014624864,-0.200307808752098
Week 1,2,7,continuous,3000,8.00636756765025,0.2865,-0.416672247609114,-0.211294041736348
Week 1,3,7,continuous,3000,8.00636756765025,0.2858,-0.417487671162123,-0.212109465289357
Week 1,4,7,continuous,3000,8.00636756765025,0.2919,-0.410448000374023,-0.205069794501257
Week 2 C,1,14,continuous,3000,8.00636756765025,0.2947,-0.407265796412829,-0.201887590540063
Week 2 C,2,14,continuous,3000,8.00636756765025,0.3073,-0.393310269948566,-0.1879320640758
Week 2 C,3,14,continuous,3000,8.00636756765025,0.3067,-0.393961735953977,-0.188583530081211
Week 2 C,4,14,continuous,3000,8.00636756765025,0.3162,-0.383793451402255,-0.178415245529489
Week 3 C,1,21,continuous,3000,8.00636756765025,0.2663,-0.44104392872075,-0.235665722847984
Week 3 C,2,21,continuous,3000,8.00636756765025,0.3243,-0.375362088556288,-0.169983882683522
Week 3 C,3,21,continuous,3000,8.00636756765025,0.2739,-0.431664067571035,-0.226285861698269
Week 3 C,4,21,continuous,3000,8.00636756765025,0.3586,-0.341849239270368,-0.136471033397602
Week 4 C,1,28,continuous,3000,8.00636756765025,0.2984,-0.403106803550844,-0.197728597678078
Week 4 C,2,28,continuous,3000,8.00636756765025,0.2858,-0.417487671162123,-0.212109465289357
Week 4 C,3,28,continuous,3000,8.00636756765025,0.2582,-0.451340266856532,-0.245962060983766
Week 4 C,4,28,continuous,3000,8.00636756765025,0.2977,-0.403889670320135,-0.198511464447369
Week 2 I,1,14,intermittent,3000,8.00636756765025,0.0375,-1.09447144866859,-0.889093242795825
Week 2 I,2,14,intermittent,3000,8.00636756765025,0.0544,-0.970463708373413,-0.765085502500647
Week 2 I,3,14,intermittent,3000,8.00636756765025,0.05,-0.998577424517997,-0.793199218645231
Week 2 I,4,14,intermittent,3000,8.00636756765025,0.045,-1.03369759640394,-0.828319390531173
Week 3 I,1,21,intermittent,3000,8.00636756765025,0.2884,-0.414468957857114,-0.209090751984348
Week 3 I,2,21,intermittent,3000,8.00636756765025,0.3271,-0.372496448145933,-0.167118242273167
Week 3 I,3,21,intermittent,3000,8.00636756765025,0.2902,-0.412394979510683,-0.207016773637917
Week 3 I,4,21,intermittent,3000,8.00636756765025,0.2827,-0.421123004760864,-0.215744798888098
Week 4 I,1,28,intermittent,3000,8.00636756765025,0.0717,-0.878421510458854,-0.673043304586088
Week 4 I,2,28,intermittent,3000,8.00636756765025,0.0719,-0.877493004751712,-0.672114798878946
Week 4 I,3,28,intermittent,3000,8.00636756765025,0.0724,-0.875182993196822,-0.669804787324056
Week 4 I,4,28,intermittent,3000,8.00636756765025,0.0729,-0.872888879989175,-0.667510674116409
V600E,1,0,nil,10000,9.21034037197618,0.0734,-0.870610447787222,-0.665232241914456
V600E,2,0,nil,10000,9.21034037197618,0.0678,-0.897064361345262,-0.691686155472496
V600E,3,0,nil,10000,9.21034037197618,0.0712,-0.880754153521402,-0.675375947648636
V600E,4,0,nil,10000,9.21034037197618,0.0599,-0.938359591286911,-0.732981385414145
Week 1,1,7,continuous,10000,9.21034037197618,0.3307,-0.368847886331463,-0.163469680458697
Week 1,2,7,continuous,10000,9.21034037197618,0.3531,-0.347001325349265,-0.141623119476499
Week 1,3,7,continuous,10000,9.21034037197618,0.3224,-0.377320756116555,-0.171942550243789
Week 1,4,7,continuous,10000,9.21034037197618,0.2904,-0.412165332010499,-0.206787126137733
Week 2 C,1,14,continuous,10000,9.21034037197618,0.3954,-0.309285789415207,-0.103907583542441
Week 2 C,2,14,continuous,10000,9.21034037197618,0.4267,-0.283891362929394,-0.0785131570566282
Week 2 C,3,14,continuous,10000,9.21034037197618,0.3526,-0.347473669672789,-0.142095463800023
Week 2 C,4,14,continuous,10000,9.21034037197618,0.3553,-0.344930925318385,-0.139552719445619
Week 3 C,1,21,continuous,10000,9.21034037197618,0.3856,-0.317651572081916,-0.112273366209149
Week 3 C,2,21,continuous,10000,9.21034037197618,0.4252,-0.285065210838115,-0.0796870049653487
Week 3 C,3,21,continuous,10000,9.21034037197618,0.4035,-0.302526263757378,-0.0971480578846118
Week 3 C,4,21,continuous,10000,9.21034037197618,0.3494,-0.35051262709406,-0.145134421221294
Week 4 C,1,28,continuous,10000,9.21034037197618,0.3547,-0.345494305734187,-0.140116099861421
Week 4 C,2,28,continuous,10000,9.21034037197618,0.3752,-0.326765353950023,-0.121387148077257
Week 4 C,3,28,continuous,10000,9.21034037197618,0.3779,-0.324375222875565,-0.118997017002799
Week 4 C,4,28,continuous,10000,9.21034037197618,0.3558,-0.344462167916801,-0.139083962044035
Week 2 I,1,14,intermittent,10000,9.21034037197618,0.0641,-0.915770305018504,-0.710392099145738
Week 2 I,2,14,intermittent,10000,9.21034037197618,0.0676,-0.898049098644406,-0.69267089277164
Week 2 I,3,14,intermittent,10000,9.21034037197618,0.0924,-0.7938761001115,-0.588497894238734
Week 2 I,4,14,intermittent,10000,9.21034037197618,0.0594,-0.941153684204513,-0.735775478331747
Week 3 I,1,21,intermittent,10000,9.21034037197618,0.2864,-0.416788614631882,-0.211410408759116
Week 3 I,2,21,intermittent,10000,9.21034037197618,0.2928,-0.409421832298327,-0.204043626425561
Week 3 I,3,21,intermittent,10000,9.21034037197618,0.3378,-0.361767091536146,-0.15638888566338
Week 3 I,4,21,intermittent,10000,9.21034037197618,0.2704,-0.435950978271109,-0.230572772398343
Week 4 I,1,28,intermittent,10000,9.21034037197618,0.0793,-0.844839050113778,-0.639460844241012
Week 4 I,2,28,intermittent,10000,9.21034037197618,0.0838,-0.8264407571647,-0.621062551291934
Week 4 I,3,28,intermittent,10000,9.21034037197618,0.0804,-0.840247034265739,-0.634868828392973
Week 4 I,4,28,intermittent,10000,9.21034037197618,0.0799,-0.842326475403303,-0.636948269530537
