sample,rep,dose,fc,λ̂,λ,cell_count_day_3
Vector Control,1,0.01,0.9788,-0.0071426491378734835,0.24157072081738135,2.064136878353439
Vector Control,2,0.01,0.9305,-0.024011067633277206,0.22470230232197763,1.96227969483845
Vector Control,3,0.01,0.9778,-0.00748337627919729,0.24122999367605755,2.0620280339742467
Vector Control,4,0.01,0.9799,-0.006768251113454758,0.2419451188418001,2.066456607170551
V600E,1,0.01,0.7988,-0.07488155914682565,0.1738318108084292,1.684544890098822
V600E,2,0.01,0.8344,-0.060347458431858104,0.18836591152339674,1.7596197499980686
V600E,3,0.01,0.8734,-0.04512054597689217,0.20359282397836267,1.8418646807865688
V600E,4,0.01,0.7601,-0.09143509180338077,0.15727827815187406,1.6029326126240793
Week 1,1,0.01,0.6558,-0.1406331381905297,0.10808023176472514,1.382980143874321
Week 1,2,0.01,0.6638,-0.1365914598987543,0.11212191005650055,1.3998508989078593
Week 1,3,0.01,0.7324,-0.10380948872726044,0.1449038812279944,1.5445176233204525
Week 1,4,0.01,0.7433,-0.0988851824169631,0.14982818753829175,1.5675040270536484
Week 2 C,1,0.01,0.5369,-0.20731447385120438,0.04139889610405045,1.1322385471883545
Week 2 C,2,0.01,0.5212,-0.217207144577149,0.03150622537810585,1.0991296904350352
Week 2 C,3,0.01,0.5675,-0.18883817654219312,0.05987519341306172,1.1967691851916393
Week 2 C,4,0.01,0.618,-0.16042227384148208,0.08829109611377275,1.3032658263408514
Week 3 C,1,0.01,0.7057,-0.11618835365845083,0.13252501629680402,1.4882114783960174
Week 3 C,2,0.01,0.7325,-0.1037639793636382,0.14494939059161666,1.5447285077583717
Week 3 C,3,0.01,0.714,-0.11229077221418425,0.13642259774107057,1.5057148867433134
Week 3 C,4,0.01,0.7383,-0.10113501097233908,0.14757835898291577,1.556959805157687
Week 4 C,1,0.01,0.6691,-0.13394058439778858,0.11477278555746626,1.4110277741175787
Week 4 C,2,0.01,0.7358,-0.10226564543715434,0.1464477245181005,1.5516876942097062
Week 4 C,3,0.01,0.6795,-0.1287993484636462,0.11991402149160862,1.4329597556611788
Week 4 C,4,0.01,0.7337,-0.10321835108739615,0.1454950188678587,1.5472591210134023
Week 2 I,1,0.01,0.7475,-0.09700699123909849,0.15170637871615633,1.5763611734462564
Week 2 I,2,0.01,0.8212,-0.06566286461245284,0.18305050534280198,1.7317830041927298
Week 2 I,3,0.01,0.9092,-0.03173006233458297,0.21698330762067186,1.9173613095616537
Week 2 I,4,0.01,0.884,-0.04109940544816453,0.2076139645070903,1.8642184312060075
Week 3 I,1,0.01,0.6055,-0.16723357199633002,0.08147979795892482,1.2769052716009475
Week 3 I,2,0.01,0.6641,-0.13644084614515634,0.1122725238100985,1.400483552221617
Week 3 I,3,0.01,0.5946,-0.17328878947271323,0.07542458048254161,1.253918867867751
Week 3 I,4,0.01,0.6065,-0.1666835168660107,0.08202985308924413,1.2790141159801398
Week 4 I,1,0.01,0.7755,-0.08474909878851454,0.16396427116674028,1.6354088160636409
Week 4 I,2,0.01,0.8152,-0.06810726569120731,0.18060610426404752,1.719129937917576
Week 4 I,3,0.01,0.8359,-0.059748763425675554,0.18896460652957928,1.7627830165668568
Week 4 I,4,0.01,0.923,-0.02670868149309495,0.2220046884621599,1.9464633619945078
Vector Control,1,0.1,0.9971,-0.0009680710491299423,0.2477452989061249,2.1027287304926583
Vector Control,2,0.1,0.9494,-0.017308357621639788,0.23140501233361505,2.002136853605185
Vector Control,3,0.1,1.0635,0.02052178521938491,0.26923515517463975,2.242755997271028
Vector Control,4,0.1,0.99,-0.00335011195116715,0.24536325800408768,2.0877559354003927
V600E,1,0.1,0.857,-0.0514391201281191,0.19727424982713573,1.8072796329678147
V600E,2,0.1,0.8923,-0.03798429335867711,0.21072907659657772,1.8817218395533035
V600E,3,0.1,0.9559,-0.015033991304140062,0.23367937865111477,2.0158443420699346
V600E,4,0.1,1.0408,0.01332988273871947,0.2620432526939743,2.1948852298633623
Week 1,1,0.1,0.7338,-0.10317292235365179,0.14554044760160306,1.5474700054513215
Week 1,2,0.1,0.7656,-0.08903181294779754,0.1596815570074573,1.614531256709637
Week 1,3,0.1,0.7859,-0.08030857370333593,0.1684047962519189,1.6573407976072412
Week 1,4,0.1,0.7095,-0.11439826079401322,0.13431510916124162,1.4962250870369482
Week 2 C,1,0.1,0.5818,-0.18054284430701195,0.06817052564824289,1.2269256598140894
Week 2 C,2,0.1,0.6304,-0.1538002468128226,0.09491312314243225,1.3294154966428358
Week 2 C,3,0.1,0.5912,-0.17520030311604837,0.07351306683920647,1.2467487969784972
Week 2 C,4,0.1,0.572,-0.18620542920077976,0.06250794075447508,1.2062589848980045
Week 3 C,1,0.1,0.6723,-0.1323502031690487,0.11636316678620615,1.4177760761309939
Week 3 C,2,0.1,0.6662,-0.13538845107418593,0.11332491888106891,1.4049121254179209
Week 3 C,3,0.1,0.7073,-0.11543345831339757,0.13327991164185726,1.4915856294027252
Week 3 C,4,0.1,0.7509,-0.09549426395876627,0.15321910599648858,1.58353124433551
Week 4 C,1,0.1,0.7166,-0.11107915803709452,0.13763421191816033,1.5111978821292138
Week 4 C,2,0.1,0.7307,-0.10458410006165497,0.14412926989359987,1.5409325878758253
Week 4 C,3,0.1,0.8055,-0.07209735878836933,0.17661601116688552,1.6986741474394107
Week 4 C,4,0.1,0.8419,-0.057364678879506255,0.1913486910757486,1.7754360828420108
Week 2 I,1,0.1,0.8637,-0.048843264231965715,0.19987010572328912,1.8214088903084034
Week 2 I,2,0.1,1.0367,0.012014197115643103,0.26072756707089795,2.186238967908674
Week 2 I,3,0.1,0.8682,-0.047111058705547965,0.20160231124970687,1.8308986900147688
Week 2 I,4,0.1,0.7777,-0.0838048110937465,0.16490855886150835,1.640048273697864
Week 3 I,1,0.1,0.5578,-0.1945849345962495,0.05412843535900533,1.1763133947134738
Week 3 I,2,0.1,0.6048,-0.16761915137227126,0.08109421858298357,1.2754290805355128
Week 3 I,3,0.1,0.6063,-0.16679345530148404,0.0819199146537708,1.278592347104301
Week 3 I,4,0.1,0.5679,-0.18860331069958344,0.060110059255671394,1.197612722943316
Week 4 I,1,0.1,0.8948,-0.03705168312205415,0.2116616868332007,1.8869939505012845
Week 4 I,2,0.1,0.9261,-0.02559101960197124,0.2231223503532836,1.953000779570004
Week 4 I,3,0.1,0.8961,-0.03656775503065441,0.21214561492460043,1.8897354481942346
Week 4 I,4,0.1,1.0232,0.007644990427498663,0.2563583603827535,2.157769568789578
Vector Control,1,0.3,1.0005,0.0001666250138836643,0.2488799949691385,2.109898801381912
Vector Control,2,0.3,0.9719,-0.009500786824237384,0.23921258313101745,2.049585852137012
Vector Control,3,0.3,0.9481,-0.017765099019407853,0.230948270935847,1.9993953559122348
Vector Control,4,0.3,0.966,-0.01153048158987303,0.23718288836538182,2.0371436702997774
V600E,1,0.3,0.839,-0.05851485750497697,0.19019851245027786,1.769320434142353
V600E,2,0.3,0.8446,-0.05629737882743128,0.19241599112782357,1.7811299626658301
V600E,3,0.3,0.8151,-0.06814815796057508,0.18056521199467976,1.7189190534796568
V600E,4,0.3,0.9331,-0.02308096758072024,0.2256324023745346,1.9677626902243501
Week 1,1,0.3,0.7245,-0.10742450574046665,0.1412888642147882,1.5278577527248332
Week 1,2,0.3,0.7686,-0.08772820028379785,0.16098516967145698,1.620857789847214
Week 1,3,0.3,0.7332,-0.10344558767219571,0.14526778228305914,1.546204698823806
Week 1,4,0.3,0.756,-0.09323796760086801,0.15547540235438684,1.594286350669391
Week 2 C,1,0.3,0.6402,-0.14865821714879146,0.10005515280646338,1.3500821715589206
Week 2 C,2,0.3,0.6421,-0.14767040806071144,0.1010429618945434,1.3540889758793861
Week 2 C,3,0.3,0.6325,-0.1526916861268206,0.09602168382843423,1.3338440698391398
Week 2 C,4,0.3,0.6453,-0.14601331801344766,0.10270005194180717,1.3608372778928015
Week 3 C,1,0.3,0.7431,-0.09897488460623784,0.14973848534901701,1.56708225817781
Week 3 C,2,0.3,0.8146,-0.06835269458927495,0.18036067536597988,1.7178646312900605
Week 3 C,3,0.3,0.7171,-0.11084665936453597,0.13786671059071887,1.5122523043188096
Week 3 C,4,0.3,0.7625,-0.09038425683352347,0.15832911312173137,1.6079938391341408
Week 4 C,1,0.3,0.7674,-0.08824903372309502,0.16046433623215983,1.6183271765921834
Week 4 C,2,0.3,0.8564,-0.05167257408886975,0.1970407958663851,1.8060143263402995
Week 4 C,3,0.3,0.7214,-0.10885383683756612,0.13985953311768873,1.521320335149337
Week 4 C,4,0.3,0.8051,-0.07226292855873398,0.17645044139652086,1.6978306096877336
Week 2 I,1,0.3,0.7455,-0.09790004825911462,0.1508133216961402,1.5721434846878717
Week 2 I,2,0.3,0.9836,-0.00551198954669984,0.243201380408555,2.074259331373562
Week 2 I,3,0.3,0.8202,-0.06606902200805938,0.18264434794719547,1.7296741598135377
Week 2 I,4,0.3,0.935,-0.02240291656448333,0.2263104533907715,1.9717694945448154
Week 3 I,1,0.3,0.6712,-0.1328960412763802,0.11581732867887465,1.4154563473138826
Week 3 I,2,0.3,0.7272,-0.10618457870628935,0.1425287912489655,1.5335516325486522
Week 3 I,3,0.3,0.6435,-0.14694441731531857,0.10176895263993627,1.3570413580102554
Week 3 I,4,0.3,0.6646,-0.13618997435388105,0.11252339560137378,1.401537974411213
Week 4 I,1,0.3,0.9313,-0.023724606484841634,0.2249887634704132,1.9639667703418038
Week 4 I,2,0.3,0.7632,-0.09007838628268677,0.15863498367256806,1.6094700301995755
Week 4 I,3,0.3,0.8641,-0.04868892537826116,0.20002444457699367,1.8222524280600803
Week 4 I,4,0.3,0.8785,-0.04317979045166174,0.2055335795035931,1.8526197871204495
Vector Control,1,1.0,0.9517,-0.016501806634613116,0.23221156332064172,2.006987195677327
Vector Control,2,1.0,0.9256,-0.02577103436755675,0.22294233558769808,1.9519463573804077
Vector Control,3,1.0,0.8391,-0.05847513003537113,0.1902382399198837,1.7695313185802723
Vector Control,4,1.0,0.8205,-0.06594712281733049,0.18276624713792433,1.7303068131272952
V600E,1,1.0,0.9768,-0.00782445206188071,0.24088891789337413,2.059919189595054
V600E,2,1.0,0.966,-0.01153048158987303,0.23718288836538182,2.0371436702997774
V600E,3,1.0,1.0859,0.027469712080239267,0.27618308203549413,2.2899941113649365
V600E,4,1.0,0.9712,-0.009740952892301095,0.23897241706295375,2.048109661071577
Week 1,1,1.0,0.8161,-0.0677394608356466,0.18097390911960826,1.7210278978588491
Week 1,2,1.0,0.7658,-0.08894474664631428,0.15976862330894054,1.6149530255854756
Week 1,3,1.0,0.719,-0.10996464042036347,0.13874872953489137,1.5162591086392752
Week 1,4,1.0,0.6469,-0.14518785197739908,0.10352551797785575,1.3642114288995093
Week 2 C,1,1.0,0.7251,-0.10714856753486336,0.1415648024203915,1.5291230593523484
Week 2 C,2,1.0,0.7139,-0.11233746082457408,0.13637590913068076,1.5055040023053943
Week 2 C,3,1.0,0.595,-0.17306462447883578,0.07564874547641906,1.254762405619428
Week 2 C,4,1.0,0.681,-0.12806432427754152,0.12064904567771331,1.4361230222299675
Week 3 C,1,1.0,0.7143,-0.11215074560707007,0.13656262434818478,1.5063475400570714
Week 3 C,2,1.0,0.7457,-0.09781063481079595,0.1509027351444589,1.5725652535637102
Week 3 C,3,1.0,0.7766,-0.0842766205615234,0.16443674939373143,1.6377285448807524
Week 3 C,4,1.0,0.7182,-0.11033573239671822,0.1383776375585366,1.5145720331359211
Week 4 C,1,1.0,0.8231,-0.0648925263345129,0.18382084362074194,1.7357898085131955
Week 4 C,2,1.0,0.7405,-0.10014321509142783,0.14857015486382702,1.5615992627919102
Week 4 C,3,1.0,0.7872,-0.07975764441469779,0.16895572554055704,1.6600822953001912
Week 4 C,4,1.0,0.8446,-0.05629737882743128,0.19241599112782357,1.7811299626658301
Week 2 I,1,1.0,0.9104,-0.03129040520335686,0.21742296475189798,1.9198919228166846
Week 2 I,2,1.0,0.9231,-0.02667256932867706,0.22204080062657777,1.9466742464324271
Week 2 I,3,1.0,0.8935,-0.03753631479421812,0.21117705516103671,1.8842524528083342
Week 2 I,4,1.0,0.7682,-0.08790172102344422,0.1608116489318106,1.620014252095537
Week 3 I,1,1.0,0.6976,-0.12003646879578905,0.12867690115946578,1.4711298389245597
Week 3 I,2,1.0,0.7271,-0.10623041977537533,0.1424829501798795,1.5333407481107328
Week 3 I,3,1.0,0.6494,-0.1439021397711305,0.10481123018412433,1.36948353984749
Week 3 I,4,1.0,0.6196,-0.15956039014647447,0.08915297980878037,1.3066399773475592
Week 4 I,1,1.0,0.968,-0.010841063901853354,0.23787230605340148,2.0413613590581616
Week 4 I,2,1.0,0.9889,-0.003720688235397306,0.24499268171985752,2.085436206583281
Week 4 I,3,1.0,1.0573,0.0185728295854479,0.26728619954070276,2.229681162120036
Week 4 I,4,1.0,0.9858,-0.004767261570286548,0.2439461083849683,2.078898789007785
Vector Control,1,3.0,0.5445,-0.20262911220304067,0.04608425775221417,1.1482657644702159
Vector Control,2,3.0,0.5753,-0.18428787837096308,0.06442549158429176,1.2132181713493395
Vector Control,3,3.0,0.5907,-0.17548233488964915,0.07323103506560569,1.245694374788901
Vector Control,4,3.0,0.543,-0.20354865301606717,0.045164716939187666,1.1451024979014277
V600E,1,3.0,0.8367,-0.0594298985601947,0.18928347139506013,1.7644700920702105
V600E,2,3.0,0.8027,-0.07325807794820198,0.17545529200705284,1.6927693831776718
V600E,3,3.0,0.7939,-0.07693259008368976,0.1717807798715651,1.6742115526407797
V600E,4,3.0,0.887,-0.03997009889085252,0.20874327106440232,1.8705449643435843
Week 1,1,3.0,0.7969,-0.07567535952614485,0.17303801042911,1.6805380857783567
Week 1,2,3.0,0.8524,-0.053233126252558306,0.19548024370269654,1.7975789488235303
Week 1,3,3.0,0.8126,-0.06917209847617023,0.1795412714790846,1.713646942531676
Week 1,4,3.0,0.833,-0.0609072122717648,0.18780615768349004,1.7566673678671991
Week 2 C,1,3.0,0.7009,-0.118463351825286,0.13025001812996884,1.4780890253758943
Week 2 C,2,3.0,0.7086,-0.11482136218358847,0.13389200777166638,1.4943271270956753
Week 2 C,3,3.0,0.8264,-0.06355878705890274,0.18515458289635212,1.74274899496453
Week 2 C,4,3.0,0.7265,-0.10650559865726646,0.1422077712979884,1.5320754414832178
Week 3 C,1,3.0,0.8104,-0.07007577534922114,0.17863759460603368,1.7090074848974528
Week 3 C,2,3.0,0.9656,-0.011668536399605097,0.23704483355564973,2.0363001325481003
Week 3 C,3,3.0,0.866,-0.04795679013990064,0.2007565798153542,1.8262592323805455
Week 3 C,4,3.0,0.9171,-0.02884625380574617,0.21986711614950866,1.9340211801572729
Week 4 C,1,3.0,0.8298,-0.062190190361123186,0.18652317959413164,1.7499190658537838
Week 4 C,2,3.0,0.8493,-0.054447599398724456,0.19426577055653038,1.7910415312480341
Week 4 C,3,3.0,0.781,-0.08239337638081702,0.16631999357443783,1.6470074601491989
Week 4 C,4,3.0,0.7543,-0.0939883707075173,0.15472499924773753,1.5907013152247638
Week 2 I,1,3.0,0.7698,-0.08720817937749709,0.16150519057775775,1.623388403102245
Week 2 I,2,3.0,1.0481,0.01565966706466488,0.2643730370199197,2.210279793831466
Week 2 I,3,3.0,0.987,-0.004361746516218494,0.24435162343903635,2.081429402262816
Week 2 I,4,3.0,0.9468,-0.018222467114102737,0.2304909028411521,1.9966538582192845
Week 3 I,1,3.0,0.786,-0.08026616218431015,0.16844720777094468,1.6575516820451603
Week 3 I,2,3.0,0.9148,-0.029683272277837014,0.21903009767741782,1.9291708380851307
Week 3 I,3,3.0,0.8708,-0.04611431654058155,0.2025990534146733,1.8363816854006687
Week 3 I,4,3.0,0.7891,-0.07895407448504924,0.1697592954702056,1.6640890996206565
Week 4 I,1,3.0,0.871,-0.046037767376544754,0.2026756025787101,1.8368034542765073
Week 4 I,2,3.0,0.6805,-0.1283091522968721,0.12040421765838275,1.4350686000403712
Week 4 I,3,3.0,0.9212,-0.0273593703452023,0.22135399961005253,1.9426674421119614
Week 4 I,4,3.0,0.835,-0.060107851377093874,0.18860551857816096,1.7608850566255838
Vector Control,1,10.0,0.3375,-0.3620632562231842,-0.11334988626792936,0.7117349779774066
Vector Control,2,10.0,0.3213,-0.3784600042867748,-0.12974663433151995,0.6775716990344911
Vector Control,3,10.0,0.3205,-0.37929100087380413,-0.1305776309185493,0.6758846235311372
Vector Control,4,10.0,0.3057,-0.3950503500284494,-0.14633698007319457,0.6446737267190911
V600E,1,10.0,0.9939,-0.0020395603360590588,0.24667380961919577,2.0959804284792427
V600E,2,10.0,1.0077,0.0025568354347399133,0.2512702053899947,2.1250824809120967
V600E,3,10.0,0.9889,-0.003720688235397306,0.24499268171985752,2.085436206583281
V600E,4,10.0,0.9576,-0.01444170824612455,0.23427166170913027,2.0194293775145615
Week 1,1,10.0,0.8563,-0.051711498983330245,0.1970018709719246,1.80580344190238
Week 1,2,10.0,0.8445,-0.05633684757809409,0.19237652237716074,1.780919078227911
Week 1,3,10.0,0.7067,-0.11571634376177614,0.1329970261934787,1.4903203227752098
Week 1,4,10.0,0.6798,-0.12865221390670717,0.12006115604854767,1.4335924089749363
Week 2 C,1,10.0,0.8059,-0.07193187121722383,0.176781498738031,1.6995176851910874
Week 2 C,2,10.0,0.8216,-0.0655005401225962,0.18321282983265863,1.7326265419444067
Week 2 C,3,10.0,0.6773,-0.1298803242537597,0.11883304570149514,1.4283202980269556
Week 2 C,4,10.0,0.7785,-0.0834620959026947,0.16525127405256013,1.6417353492012179
Week 3 C,1,10.0,0.8988,-0.03556491289032097,0.21314845706493388,1.8954293280180536
Week 3 C,2,10.0,0.7887,-0.07912308619273063,0.16959028376252422,1.6632455618689794
Week 3 C,3,10.0,0.869,-0.046804051238915005,0.20190931871633983,1.8325857655181224
Week 3 C,4,10.0,0.6906,-0.12339816467541503,0.1253152052798398,1.4563679282702133
Week 4 C,1,10.0,0.7554,-0.09350262290126021,0.15521074705399462,1.5930210440418753
Week 4 C,2,10.0,0.6983,-0.11970215637671579,0.12901121357853906,1.4726060299899943
Week 4 C,3,10.0,0.8874,-0.039819813345775994,0.20889355660947884,1.8713885020952612
Week 4 C,4,10.0,0.868,-0.04718785477392896,0.2015255151813259,1.8304769211389302
Week 2 I,1,10.0,0.8994,-0.035342468215176684,0.21337090174007817,1.8966946346455689
Week 2 I,2,10.0,0.9174,-0.028737232273021815,0.219976137682233,1.9346538334710306
Week 2 I,3,10.0,1.0433,0.014129588830595508,0.26284295878585034,2.200157340811343
Week 2 I,4,10.0,0.7331,-0.10349105358419873,0.1452223163710561,1.5459938143858867
Week 3 I,1,10.0,0.796,-0.076052031045918,0.17266133890933683,1.6786401258370836
Week 3 I,2,10.0,0.8281,-0.0628737863141609,0.18583958364109393,1.7463340304091566
Week 3 I,3,10.0,0.889,-0.03921934782274415,0.20949402213251067,1.8747626531019688
Week 3 I,4,10.0,0.6842,-0.12650166881287758,0.12221170114237725,1.4428713242433826
Week 4 I,1,10.0,0.9252,-0.025915116208284305,0.22279825374697054,1.9511028196287308
Week 4 I,2,10.0,0.8899,-0.03888206070644016,0.20983130924881468,1.8766606130432422
Week 4 I,3,10.0,1.0583,0.018887949039180587,0.2676013189944354,2.231790006499228
Week 4 I,4,10.0,0.9462,-0.018433771928363103,0.23027959802689174,1.9953885515917695
Vector Control,1,30.0,0.215,-0.5123724169514915,-0.26365904699623666,0.4534015415263478
Vector Control,2,30.0,0.2592,-0.4500517715013392,-0.20133840154608434,0.5466124630866482
Vector Control,3,30.0,0.2249,-0.49736647333895573,-0.2486531033837009,0.47427910088035186
Vector Control,4,30.0,0.2478,-0.46504443659569833,-0.2163310666404435,0.5225716371638559
V600E,1,30.0,0.785,-0.08069052039990952,0.1680228495553453,1.655442837665968
V600E,2,30.0,0.8111,-0.06978797596861265,0.1789253939866422,1.7104836759628876
V600E,3,30.0,0.7256,-0.10691879339373672,0.14179457656151812,1.5301774815419444
V600E,4,30.0,0.8153,-0.0680663784377573,0.18064699151749752,1.7193408223554951
Week 1,1,30.0,1.0314,0.010305700878240537,0.2590190708334954,2.1750620926989552
Week 1,2,30.0,1.0318,0.010434949942804176,0.25914831989805903,2.175905630450632
Week 1,3,30.0,0.9442,-0.01913909028998355,0.22957427966527127,1.9911708628333846
Week 1,4,30.0,0.9927,-0.0024422584621536184,0.2462711114931012,2.0934498152242123
Week 2 C,1,30.0,0.8123,-0.06929518297507628,0.17941818698017856,1.7130142892179183
Week 2 C,2,30.0,0.8202,-0.06606902200805938,0.18264434794719547,1.7296741598135377
Week 2 C,3,30.0,0.846,-0.055745306458637935,0.1929680634966169,1.7840823447966994
Week 2 C,4,30.0,0.8533,-0.05288136447986599,0.19583200547538884,1.799476908764803
Week 3 C,1,30.0,0.8754,-0.04435811807511405,0.20435525188014078,1.8460823695449533
Week 3 C,2,30.0,1.0872,0.027868527951598953,0.2765818979068538,2.292735609057886
Week 3 C,3,30.0,0.9676,-0.010978833415421616,0.23773453653983323,2.040517821306485
Week 3 C,4,30.0,0.9828,-0.005783212778370998,0.24293015717688385,2.072572255870208
Week 4 C,1,30.0,0.9254,-0.02584306750307928,0.22287030245217557,1.9515245885045693
Week 4 C,2,30.0,0.8041,-0.07267721314267787,0.17603615681257695,1.6957217653085412
Week 4 C,3,30.0,0.8721,-0.04561706091639905,0.20309630903885578,1.8391231830936188
Week 4 C,4,30.0,0.89,-0.0388446054186505,0.20986876453660433,1.8768714974811613
Week 2 I,1,30.0,0.9065,-0.032721416262410444,0.2159919536928444,1.9116674297378344
Week 2 I,2,30.0,1.0813,0.026054673656451432,0.27476804361170626,2.280293427220651
Week 2 I,3,30.0,0.9861,-0.0046658365479512205,0.24404753340730362,2.0795314423215427
Week 2 I,4,30.0,1.0261,0.008588402628675475,0.25730177258393033,2.1638852174892356
Week 3 I,1,30.0,0.9094,-0.03165674586374229,0.21705662409151255,1.917783078437492
Week 3 I,2,30.0,1.0879,0.028083077481633332,0.2767964474368882,2.2942118001233207
Week 3 I,3,30.0,1.0262,0.00862088650857579,0.2573342564638306,2.164096101927155
Week 3 I,4,30.0,0.9765,-0.007926842888467798,0.24078652706678705,2.059286536281297
Week 4 I,1,30.0,0.9728,-0.009192255923411498,0.23952111403184334,2.051483812078285
Week 4 I,2,30.0,0.9646,-0.012013923782421845,0.236699446172833,2.034191288168908
Week 4 I,3,30.0,0.9144,-0.029829055500512056,0.21888431445474277,1.9283273003334536
Week 4 I,4,30.0,0.9262,-0.025555028311828477,0.22315834164342635,1.953211664007923
Vector Control,1,100.0,0.1874,-0.5581699697259385,-0.3094565997706836,0.39519743666063994
Vector Control,2,100.0,0.1877,-0.5576367784632247,-0.30892340850796984,0.39583008997439767
Vector Control,3,100.0,0.1778,-0.5756986519674442,-0.32698528201218935,0.3749525306203939
Vector Control,4,100.0,0.1744,-0.582134589169086,-0.33342121921383117,0.36778245973113977
V600E,1,100.0,0.5573,-0.19488386146888212,0.05382950848637272,1.1752589725238778
V600E,2,100.0,0.594,-0.17362531987316407,0.07508805008209077,1.2526535612402356
V600E,3,100.0,0.5911,-0.17525669038393776,0.07345667957131707,1.246537912540578
V600E,4,100.0,0.5579,-0.19452518137688482,0.05418818857837002,1.176524279151393
Week 1,1,100.0,1.0489,0.015913998661807035,0.2646273686170619,2.21196686933482
Week 1,2,100.0,1.0025,0.0008322933995290486,0.2495456633547839,2.114116490140297
Week 1,3,100.0,0.9019,-0.034417209936824844,0.21429616001843,1.9019667455935498
Week 1,4,100.0,0.848,-0.05495821439674467,0.19375515555851017,1.7883000335550838
Week 2 C,1,100.0,1.084,0.026885967672484846,0.2755993376277397,2.2859873070444707
Week 2 C,2,100.0,1.1262,0.03961637794612705,0.2883297479013819,2.3749805398463866
Week 2 C,3,100.0,0.9255,-0.02580704898952829,0.22290632096572655,1.9517354729424885
Week 2 C,4,100.0,0.8643,-0.04861178274118153,0.2001015872140733,1.8226741969359186
Week 3 C,1,100.0,1.0383,0.012528253442423738,0.2612416233976786,2.1896131189153816
Week 3 C,2,100.0,1.0094,0.003118698308008343,0.25183206826326315,2.1286675163567237
Week 3 C,3,100.0,1.0912,0.029092669369020187,0.277806039324275,2.3011709865746552
Week 3 C,4,100.0,0.7571,-0.0927533112909587,0.15596005866429613,1.5966060794865025
Week 4 C,1,100.0,1.0361,0.011821221425189687,0.26053459138044455,2.184973661281159
Week 4 C,2,100.0,0.9424,-0.019775155361604926,0.2289382145936499,1.9873749429508385
Week 4 C,3,100.0,1.0305,0.010014707116125548,0.2587280770713804,2.1731641327576816
Week 4 C,4,100.0,0.991,-0.003013581550716357,0.2456997884045385,2.0898647797795853
Week 2 I,1,100.0,0.7893,-0.07886960075592676,0.1698437691993281,1.664510868496495
Week 2 I,2,100.0,0.8239,-0.06456870522019759,0.18414466473505725,1.7374768840165489
Week 2 I,3,100.0,0.8713,-0.04592297658163199,0.20279039337362284,1.8374361075902648
Week 2 I,4,100.0,0.779,-0.08324807770379625,0.1654652922514586,1.6427897713908142
Week 3 I,1,100.0,1.0645,0.020835068450465705,0.2695484384057205,2.2448648416502204
Week 3 I,2,100.0,0.9726,-0.009260793670817204,0.23945257628443764,2.051062043202447
Week 3 I,3,100.0,1.1481,0.046036134039209704,0.29474950399446453,2.421164231750698
Week 3 I,4,100.0,0.7826,-0.08171118973527501,0.1670021802199798,1.6503816111559062
Week 4 I,1,100.0,0.8998,-0.03519425419168836,0.21351911576356647,1.897538172397246
Week 4 I,2,100.0,0.8754,-0.04435811807511405,0.20435525188014078,1.8460823695449533
Week 4 I,3,100.0,1.0256,0.008425935728089536,0.25713930568334437,2.162830795299639
Week 4 I,4,100.0,0.8657,-0.04807228358680298,0.20064108636845185,1.825626579066788
Vector Control,1,300.0,0.1161,-0.7177677967594304,-0.46905442680417553,0.2448368324242279
Vector Control,2,300.0,0.1294,-0.6816156323051122,-0.4329022623498574,0.27288446266748567
Vector Control,3,300.0,0.1236,-0.6969015779861821,-0.4481882080309273,0.2606531652681703
Vector Control,4,300.0,0.1314,-0.6765030576438756,-0.4277896876886208,0.27710215142587036
V600E,1,300.0,0.2944,-0.4076052973758053,-0.15889192742055047,0.6208437852342178
V600E,2,300.0,0.2971,-0.40456216550452506,-0.15584879554927022,0.626537665058037
V600E,3,300.0,0.2887,-0.4141223974377492,-0.16540902748249436,0.6088233722728217
V600E,4,300.0,0.2973,-0.4043378496593617,-0.15562447970410687,0.6269594339338755
Week 1,1,300.0,0.8866,-0.04012045222372795,0.20859291773152688,1.8697014265919074
Week 1,2,300.0,0.84,-0.05811779571492593,0.1905955742403289,1.7714292785215453
Week 1,3,300.0,0.8259,-0.06376052605515525,0.18495284390009958,1.7416945727749338
Week 1,4,300.0,0.8138,-0.06868021447151583,0.180033155483739,1.7161775557867067
Week 2 C,1,300.0,0.8947,-0.037088937476195565,0.21162443247905927,1.886783066063365
Week 2 C,2,300.0,0.8853,-0.040609569455044556,0.20810380050021027,1.8669599288989571
Week 2 C,3,300.0,0.991,-0.003013581550716357,0.2456997884045385,2.0898647797795853
Week 2 C,4,300.0,0.9961,-0.0013025416103390256,0.24741082834491582,2.100619886113466
Week 3 C,1,300.0,0.9209,-0.02746794208493855,0.22124542787031629,1.942034788798204
Week 3 C,2,300.0,1.1063,0.03367370468624273,0.2823870746414976,2.3330145367004596
Week 3 C,3,300.0,0.9347,-0.022509885597866444,0.2262034843573884,1.971136841231058
Week 3 C,4,300.0,1.0381,0.012464039739020896,0.2611774096942757,2.1891913500395432
Week 4 C,1,300.0,0.8684,-0.04703428032600011,0.20167908962925474,1.8313204588906071
Week 4 C,2,300.0,0.8256,-0.06388162808494625,0.1848317418703086,1.741061919461176
Week 4 C,3,300.0,0.8369,-0.059350229981102905,0.18936313997415194,1.764891860946049
Week 4 C,4,300.0,0.84,-0.05811779571492593,0.1905955742403289,1.7714292785215453
Week 2 I,1,300.0,0.4837,-0.24209679971773315,0.006616570237521685,1.0200480262153233
Week 2 I,2,300.0,0.5058,-0.2272046482487574,0.021508721706497425,1.0666534869954736
Week 2 I,3,300.0,0.5115,-0.22346923119681864,0.025244138758436202,1.0786738999568697
Week 2 I,4,300.0,0.539,-0.20601323602437993,0.042700133930874906,1.1366671203846583
Week 3 I,1,300.0,0.8494,-0.05440835370098874,0.1943050162542661,1.7912524156859533
Week 3 I,2,300.0,1.0067,0.002225884917746832,0.25093925487300167,2.1229736365329046
Week 3 I,3,300.0,0.9364,-0.021904181121793778,0.22680918883346107,1.9747218766756847
Week 3 I,4,300.0,0.9554,-0.015208392675425184,0.23350497727982966,2.014789919880339
Week 4 I,1,300.0,0.5067,-0.22661205550009098,0.022101314455163862,1.0685514469367465
Week 4 I,2,300.0,0.5313,-0.2108094818417465,0.03790388811350834,1.1204290186648775
Week 4 I,3,300.0,0.5133,-0.2222982698052932,0.026415100149961623,1.0824698198394158
Week 4 I,4,300.0,0.4821,-0.24320123919018685,0.005512130765067985,1.0166738752086155
Vector Control,1,1000.0,0.0645,-0.9136966850601368,-0.664983315104882,0.1360204624579044
Vector Control,2,1000.0,0.0564,-0.9584287068260413,-0.7097153368707865,0.1189388229864466
Vector Control,3,1000.0,0.0527,-0.9810466078116068,-0.732333237856352,0.11113609878343507
Vector Control,4,1000.0,0.0476,-1.0149741725815875,-0.7662608026263327,0.10038099244955424
V600E,1,1000.0,0.1697,-0.5912410355806522,-0.3425276656253974,0.357870891148936
V600E,2,1000.0,0.1544,-0.6227362137971537,-0.3740228438418989,0.32560557214729363
V600E,3,1000.0,0.1669,-0.5967868161047826,-0.34807344614952773,0.3519661268871976
V600E,4,1000.0,0.1583,-0.6144211040317236,-0.3657077340764687,0.3338300652261436
Week 1,1,1000.0,0.4388,-0.27457051686035394,-0.025857146905099104,0.9253609135895883
Week 1,2,1000.0,0.42,-0.28916685590157437,-0.040453485946319534,0.8857146392607727
Week 1,3,1000.0,0.3908,-0.3131864529378365,-0.06447308298258164,0.824136383388357
Week 1,4,1000.0,0.3794,-0.32305474049374105,-0.07434137053848622,0.8000955574655647
Week 2 C,1,1000.0,0.4808,-0.2441012985870464,0.004612071368208431,1.0139323775156655
Week 2 C,2,1000.0,0.5483,-0.20031089885737807,0.048402471097876765,1.156279373111147
Week 2 C,3,1000.0,0.463,-0.256676074965301,-0.007962705010046145,0.9763949475660423
Week 2 C,4,1000.0,0.3764,-0.32570095709030417,-0.07698758713504933,0.7937690243279877
Week 3 C,1,1000.0,0.4949,-0.2344665190080989,0.014246850947155942,1.0436670832622772
Week 3 C,2,1000.0,0.5233,-0.21586678853465832,0.032846581420596516,1.103558263631339
Week 3 C,3,1000.0,0.4863,-0.24030985385746564,0.008403516097789193,1.0255310216012232
Week 3 C,4,1000.0,0.3912,-0.3128454469404916,-0.06413207698523676,0.824979921140034
Week 4 C,1,1000.0,0.4784,-0.245769358781905,0.002944011173349831,1.008871151005604
Week 4 C,2,1000.0,0.4585,-0.25993166242853916,-0.01121829247328432,0.966905147859677
Week 4 C,3,1000.0,0.4944,-0.23480345761288535,0.01390991234236949,1.042612661072681
Week 4 C,4,1000.0,0.4878,-0.23928326440010572,0.009430105555149115,1.0286942881700116
Week 2 I,1,1000.0,0.151,-0.6301584807224042,-0.3814451107671494,0.31843550125803977
Week 2 I,2,1000.0,0.145,-0.6436738455205209,-0.39496047556526603,0.3057824349828858
Week 2 I,3,1000.0,0.1719,-0.5869474555311112,-0.3382340855758563,0.36251034878315913
Week 2 I,4,1000.0,0.1242,-0.6952873698275862,-0.4465739998723314,0.2619184718956857
Week 3 I,1,1000.0,0.5056,-0.22733647871649643,0.02137689123875841,1.066231718119635
Week 3 I,2,1000.0,0.515,-0.22119612610613362,0.027517243849121215,1.0860548552840428
Week 3 I,3,1000.0,0.5198,-0.21810371892491567,0.030609651030339163,1.096177308304166
Week 3 I,4,1000.0,0.4333,-0.2787749834120911,-0.030061613456836278,0.9137622695040305
Week 4 I,1,1000.0,0.1965,-0.542364282557607,-0.2936509126023522,0.4143879205112901
Week 4 I,2,1000.0,0.1935,-0.5474925888374335,-0.2987792188821786,0.4080613873737132
Week 4 I,3,1000.0,0.2153,-0.5119076248706066,-0.26319425491535176,0.4540341948401056
Week 4 I,4,1000.0,0.193,-0.5483550300257505,-0.29964166007049564,0.407006965184117
Vector Control,1,3000.0,0.0074,-1.6354250929240042,-1.3867117229687493,0.015605448406023152
Vector Control,2,3000.0,0.0048,-1.7797131203560974,-1.5309997504008426,0.01012245302012311
Vector Control,3,3000.0,0.0068,-1.6636108889333585,-1.4148975189781037,0.014340141778507759
Vector Control,4,3000.0,0.0071,-1.6492201649782892,-1.4005067950230343,0.014972795092265437
V600E,1,3000.0,0.0479,-1.012879924855089,-0.7641665548998342,0.10101364576331195
V600E,2,3000.0,0.0526,-0.9816797197461576,-0.7329663497909028,0.1109252143455158
V600E,3,3000.0,0.0544,-0.9704637083734133,-0.7217503384181585,0.114721134228062
V600E,4,3000.0,0.0494,-1.0026016182627535,-0.7538882483074987,0.1041769123321004
Week 1,1,3000.0,0.2961,-0.4056860146248638,-0.15697264466960897,0.6244288206788448
Week 1,2,3000.0,0.2865,-0.4166722476091143,-0.16795887765385947,0.6041839146385984
Week 1,3,3000.0,0.2858,-0.4174876711621234,-0.16877430120686854,0.6027077235731638
Week 1,4,3000.0,0.2919,-0.4104480003740227,-0.16173463041876784,0.615571674286237
Week 2 C,1,3000.0,0.2947,-0.4072657964128293,-0.15855242645757445,0.6214764385479756
Week 2 C,2,3000.0,0.3073,-0.393310269948566,-0.14459689999331116,0.6480478777257987
Week 2 C,3,3000.0,0.3067,-0.3939617359539771,-0.14524836599872226,0.6467825710982833
Week 2 C,4,3000.0,0.3162,-0.3837934514022552,-0.13508008144700034,0.6668165927006102
Week 3 C,1,3000.0,0.2663,-0.44104392872075016,-0.19233055876549532,0.5615852581789138
Week 3 C,2,3000.0,0.3243,-0.3753620885562883,-0.12664871860103344,0.683898232172068
Week 3 C,3,3000.0,0.2739,-0.43166406757103487,-0.18295069761578003,0.5776124754607753
Week 3 C,4,3000.0,0.3586,-0.3418492392703682,-0.09313586931511336,0.7562315943783645
Week 4 C,1,3000.0,0.2984,-0.4031068035508438,-0.15439343359558894,0.629279162750987
Week 4 C,2,3000.0,0.2858,-0.4174876711621234,-0.16877430120686854,0.6027077235731638
Week 4 C,3,3000.0,0.2582,-0.45134026685653167,-0.20262689690127683,0.5445036187074559
Week 4 C,4,3000.0,0.2977,-0.4038896703201354,-0.15517630036488056,0.6278029716855525
Week 2 I,1,3000.0,0.0375,-1.0944714486685907,-0.8457580787133359,0.07908166421971184
Week 2 I,2,3000.0,0.0544,-0.9704637083734133,-0.7217503384181585,0.114721134228062
Week 2 I,3,3000.0,0.05,-0.9985774245179969,-0.7498640545627421,0.10544221895961581
Week 2 I,4,3000.0,0.045,-1.033697596403939,-0.7849842264486842,0.09489799706365427
Week 3 I,1,3000.0,0.2884,-0.41446895785711435,-0.1657555879018595,0.608190718959064
Week 3 I,2,3000.0,0.3271,-0.37249644814593297,-0.12378307819067813,0.6898029964338065
Week 3 I,3,3000.0,0.2902,-0.41239497951068316,-0.16368160955542832,0.6119866388416102
Week 3 I,4,3000.0,0.2827,-0.4211230047608641,-0.17240963480560928,0.5961703059976677
Week 4 I,1,3000.0,0.0717,-0.8784215104588542,-0.6297081405035994,0.151204141988089
Week 4 I,2,3000.0,0.0719,-0.8774930047517119,-0.628779634796457,0.15162591086392757
Week 4 I,3,3000.0,0.0724,-0.8751829931968221,-0.6264696232415673,0.1526803330535237
Week 4 I,4,3000.0,0.0729,-0.8728888799891749,-0.62417551003392,0.15373475524311986
Vector Control,1,10000.0,0.03,-1.168852632439994,-0.9201392624847391,0.06326533137576947
Vector Control,2,10000.0,0.0223,-1.267722866838688,-1.0190094968834331,0.04702722965598865
Vector Control,3,10000.0,0.0232,-1.2545343334366243,-1.0058209634813695,0.048925189597261706
Vector Control,4,10000.0,0.0237,-1.2474267436136839,-0.998713373658429,0.049979611786857885
V600E,1,10000.0,0.0734,-0.8706104477872224,-0.6218970778319676,0.154789177432716
V600E,2,10000.0,0.0678,-0.8970643613452625,-0.6483509913900076,0.142979648909239
V600E,3,10000.0,0.0712,-0.8807541535214023,-0.6320407835661475,0.1501497197984929
V600E,4,10000.0,0.0599,-0.9383595912869112,-0.6896462213316563,0.1263197783136197
Week 1,1,10000.0,0.3307,-0.3688478863314633,-0.12013451637620848,0.6973948361988989
Week 1,2,10000.0,0.3531,-0.3470013253492654,-0.09828795539401058,0.7446329502928069
Week 1,3,10000.0,0.3224,-0.3773207561165546,-0.12860738616129974,0.6798914278516027
Week 1,4,10000.0,0.2904,-0.4121653320104987,-0.16345196205524387,0.6124084077174485
Week 2 C,1,10000.0,0.3954,-0.30928578941520685,-0.06057241945995201,0.8338370675326418
Week 2 C,2,10000.0,0.4267,-0.28389136292939426,-0.03517799297413943,0.8998438966013612
Week 2 C,3,10000.0,0.3526,-0.3474736696727891,-0.09876029971753425,0.7435785281032106
Week 2 C,4,10000.0,0.3553,-0.3449309253183852,-0.09621755536313037,0.7492724079270299
Week 3 C,1,10000.0,0.3856,-0.31765157208191547,-0.06893820212666063,0.8131703926165571
Week 3 C,2,10000.0,0.4252,-0.2850652108381147,-0.036351840882859865,0.8966806300325728
Week 3 C,3,10000.0,0.4035,-0.30252626375737784,-0.05381289380212301,0.8509187070040996
Week 3 C,4,10000.0,0.3494,-0.35051262709406034,-0.1017992571388055,0.7368302260897951
Week 4 C,1,10000.0,0.3547,-0.345494305734187,-0.09678093577893215,0.7480071012995144
Week 4 C,2,10000.0,0.3752,-0.3267653539500225,-0.07805198399476765,0.7912384110729569
Week 4 C,3,10000.0,0.3779,-0.3243752228755646,-0.07566185292030975,0.7969322908967762
Week 4 C,4,10000.0,0.3558,-0.34446216791680073,-0.0957487979615459,0.750326830116626
Week 2 I,1,10000.0,0.0641,-0.9157703050185043,-0.6670569350632495,0.13517692470622744
Week 2 I,2,10000.0,0.0676,-0.8980490986444063,-0.6493357286891515,0.14255788003340053
Week 2 I,3,10000.0,0.0924,-0.7938761001114996,-0.5451627301562447,0.19485722063737
Week 2 I,4,10000.0,0.0594,-0.9411536842045126,-0.6924403142492578,0.12526535612402356
Week 3 I,1,10000.0,0.2864,-0.4167886146318822,-0.16807524467662738,0.6039730302006792
Week 3 I,2,10000.0,0.2928,-0.4094218322983268,-0.16070846234307196,0.6174696342275102
Week 3 I,3,10000.0,0.3378,-0.3617670915361458,-0.11305372158089094,0.7123676312911643
Week 3 I,4,10000.0,0.2704,-0.43595097827110935,-0.1872376083158545,0.5702315201336022
Week 4 I,1,10000.0,0.0793,-0.8448390501137782,-0.5961256801585234,0.16723135926995067
Week 4 I,2,10000.0,0.0838,-0.8264407571647,-0.5777273872094452,0.17672115897631605
Week 4 I,3,10000.0,0.0804,-0.8402470342657388,-0.5915336643104839,0.16955108808706223
Week 4 I,4,10000.0,0.0799,-0.8423264754033027,-0.5936131054480479,0.16849666589746604
